<?xml version="1.0" encoding="UTF-8"?>
<metadata>
  <groupId>com.sskj</groupId>
  <artifactId>okrx2</artifactId>
  <versioning>
    <release>2.5.1</release>
    <versions>
      <version>1.0</version>
      <version>1.1</version>
      <version>1.2</version>
      <version>1.3</version>
      <version>1.4</version>
      <version>1.5</version>
      <version>1.6</version>
      <version>1.7</version>
      <version>1.8</version>
      <version>1.9</version>
      <version>2.0</version>
      <version>2.1</version>
      <version>2.2</version>
      <version>2.3</version>
      <version>2.4</version>
      <version>2.5</version>
      <version>2.5.1</version>
    </versions>
    <lastUpdated>20191130075621</lastUpdated>
  </versioning>
</metadata>
