<?xml version="1.0" encoding="UTF-8"?>
<metadata>
  <groupId>com.sskj</groupId>
  <artifactId>common</artifactId>
  <versioning>
    <release>0.7.5</release>
    <versions>
      <version>0.0.1</version>
      <version>0.0.2</version>
      <version>0.0.3</version>
      <version>0.0.4</version>
      <version>0.0.5</version>
      <version>0.0.6</version>
      <version>0.0.7</version>
      <version>0.0.8</version>
      <version>0.0.9</version>
      <version>0.1.0</version>
      <version>0.1.1</version>
      <version>0.1.2</version>
      <version>0.1.3</version>
      <version>0.1.4</version>
      <version>0.1.5</version>
      <version>0.1.6</version>
      <version>0.1.7</version>
      <version>0.1.8</version>
      <version>0.1.9</version>
      <version>0.2.0</version>
      <version>0.2.1</version>
      <version>0.2.3</version>
      <version>0.2.4</version>
      <version>0.2.5</version>
      <version>0.2.6</version>
      <version>0.2.7</version>
      <version>0.2.8</version>
      <version>0.2.9</version>
      <version>0.3.0</version>
      <version>0.3.1</version>
      <version>0.3.2</version>
      <version>0.3.3</version>
      <version>0.3.4</version>
      <version>0.3.5</version>
      <version>0.3.6</version>
      <version>0.3.8</version>
      <version>0.3.9</version>
      <version>0.4.0</version>
      <version>0.4.1</version>
      <version>0.4.2</version>
      <version>0.4.3</version>
      <version>0.4.4</version>
      <version>0.4.5</version>
      <version>0.4.6</version>
      <version>0.4.7</version>
      <version>0.4.8</version>
      <version>0.4.9</version>
      <version>0.5.0</version>
      <version>0.5.1</version>
      <version>0.5.2</version>
      <version>0.5.3</version>
      <version>0.5.3.noping</version>
      <version>0.5.4.noping</version>
      <version>0.5.5.noping</version>
      <version>0.5.6.noping</version>
      <version>0.5.7.noping</version>
      <version>0.5.8.noping</version>
      <version>0.5.9.noping</version>
      <version>0.6.0</version>
      <version>0.6.4</version>
      <version>0.6.5</version>
      <version>0.6.6</version>
      <version>0.6.7</version>
      <version>0.6.8</version>
      <version>0.6.9</version>
      <version>0.7.0</version>
      <version>0.7.1</version>
      <version>0.7.2</version>
      <version>0.7.3</version>
      <version>0.7.4</version>
      <version>0.7.5</version>
    </versions>
    <lastUpdated>20191203055433</lastUpdated>
  </versioning>
</metadata>
