<?xml version="1.0" encoding="UTF-8"?>
<metadata>
  <groupId>com.sskj</groupId>
  <artifactId>depth</artifactId>
  <versioning>
    <release>0.1.3</release>
    <versions>
      <version>0.0.1</version>
      <version>0.0.2</version>
      <version>0.0.3</version>
      <version>0.0.4</version>
      <version>0.0.5</version>
      <version>0.0.6</version>
      <version>0.0.7</version>
      <version>0.0.8</version>
      <version>0.0.9</version>
      <version>0.1.0</version>
      <version>0.1.1</version>
      <version>0.1.2</version>
      <version>0.1.3</version>
    </versions>
    <lastUpdated>20200319055052</lastUpdated>
  </versioning>
</metadata>
