<?xml version="1.0" encoding="UTF-8"?>
<metadata>
  <groupId>com.sskj.android</groupId>
  <artifactId>kchart</artifactId>
  <versioning>
<<<<<<< HEAD
    <release>2.7.6</release>
=======
    <release>2.7.5</release>
>>>>>>> 5616034ef5ee8515baac5a00bf58ead1a45dfcd5
    <versions>
      <version>0.1.6</version>
      <version>0.1.7</version>
      <version>0.1.8</version>
      <version>0.2.0</version>
      <version>0.2.1</version>
      <version>0.2.2</version>
      <version>0.2.3</version>
      <version>0.2.4</version>
      <version>0.2.5</version>
      <version>0.2.6</version>
      <version>0.2.7</version>
      <version>0.2.8</version>
      <version>1.0.0</version>
      <version>1.0.1</version>
      <version>1.0.2</version>
      <version>1.0.3</version>
      <version>1.0.4</version>
      <version>1.0.5</version>
      <version>1.0.6</version>
      <version>1.0.7</version>
      <version>1.0.8</version>
      <version>1.0.9</version>
      <version>1.1.0</version>
      <version>2.0.0</version>
      <version>2.0.1</version>
      <version>2.0.2</version>
      <version>2.0.3</version>
      <version>2.0.4</version>
      <version>2.0.5</version>
      <version>2.0.6</version>
      <version>2.0.7</version>
      <version>2.0.8</version>
      <version>2.0.9</version>
      <version>2.1.0</version>
      <version>2.1.1</version>
      <version>2.1.2</version>
      <version>2.1.3</version>
      <version>2.1.4</version>
      <version>2.1.5</version>
      <version>2.1.6</version>
      <version>2.1.7</version>
      <version>2.1.8</version>
      <version>2.1.9</version>
      <version>2.2.0</version>
      <version>2.2.1</version>
      <version>2.2.2</version>
      <version>2.2.3</version>
      <version>2.2.4</version>
      <version>2.2.5</version>
      <version>2.2.6</version>
      <version>2.2.7</version>
      <version>2.2.8</version>
      <version>2.2.9</version>
      <version>2.3.0</version>
      <version>2.3.1</version>
      <version>2.3.2</version>
      <version>2.3.3</version>
      <version>2.3.4</version>
      <version>2.3.5</version>
      <version>2.3.6</version>
      <version>2.3.7</version>
      <version>2.3.8</version>
      <version>2.3.9</version>
      <version>2.4.0</version>
      <version>2.4.1</version>
      <version>2.4.2</version>
      <version>2.4.3</version>
      <version>2.4.4</version>
      <version>2.4.5</version>
      <version>2.4.6</version>
      <version>2.4.7</version>
      <version>2.4.8</version>
      <version>2.4.9</version>
      <version>2.5.0</version>
      <version>2.5.1</version>
      <version>2.5.2</version>
      <version>2.5.3</version>
      <version>2.5.4</version>
      <version>2.5.5</version>
      <version>2.5.6</version>
      <version>2.5.7</version>
      <version>2.5.8</version>
      <version>2.5.9</version>
      <version>2.6.0</version>
      <version>2.6.1</version>
      <version>2.6.2</version>
      <version>2.6.3</version>
      <version>2.6.4</version>
      <version>2.6.5</version>
      <version>2.6.6</version>
      <version>2.6.7</version>
      <version>2.6.8</version>
      <version>2.6.9</version>
      <version>2.7.0</version>
      <version>2.7.1</version>
      <version>2.7.2</version>
      <version>2.7.3</version>
      <version>2.7.4</version>
      <version>2.7.5</version>
<<<<<<< HEAD
      <version>2.7.6</version>
    </versions>
    <lastUpdated>20191018065019</lastUpdated>
=======
    </versions>
    <lastUpdated>20191012012334</lastUpdated>
>>>>>>> 5616034ef5ee8515baac5a00bf58ead1a45dfcd5
  </versioning>
</metadata>
